Date,Abap,Ada,C/C++,C#,Cobol,Dart,Delphi,Go,Groovy,Haskell,Julia,Kotlin,Java,Javascript,Lua,Matlab,Objective-C,Perl,PHP,Python,R,Ruby,Rust,Scala,Swift,TypeScript,VBA,Visual Basic
Jul-04,0.36,0.38,9.97,4.86,0.44,0,2.89,0,0.03,0.23,0,0,29.25,8.9,0.17,2.18,0.2,7.58,18.77,2.6,0.4,0.35,0.08,0.03,0,0,1.49,8.84
Aug-04,0.37,0.38,9.65,5.2,0.48,0,2.78,0,0.07,0.21,0,0,28.96,8.91,0.16,2.14,0.19,7.43,18.88,2.75,0.42,0.41,0.1,0.03,0,0,1.52,8.96
Sep-04,0.43,0.43,9.46,5.29,0.53,0,2.77,0,0.08,0.22,0,0,28.75,8.85,0.2,2.22,0.21,7.36,18.93,2.84,0.42,0.43,0.11,0.03,0,0,1.62,8.82
Oct-04,0.42,0.39,9.16,5.43,0.55,0,2.84,0,0.09,0.21,0,0,28.98,8.54,0.23,2.3,0.21,7.35,18.92,2.99,0.43,0.47,0.12,0.04,0,0,1.65,8.7
Nov-04,0.39,0.39,9.37,5.4,0.57,0,2.85,0,0.08,0.25,0,0,29.04,8.55,0.24,2.29,0.23,7.28,19.02,2.93,0.43,0.46,0.14,0.04,0,0,1.55,8.5
Dec-04,0.37,0.38,9.35,5.38,0.55,0,2.86,0,0.09,0.22,0,0,29.59,8.54,0.22,2.21,0.21,7.27,19.14,2.79,0.41,0.43,0.13,0.04,0,0,1.5,8.32
Jan-05,0.4,0.4,9.45,5.37,0.58,0,2.73,0,0.11,0.22,0,0,29.47,8.42,0.25,2.28,0.2,7.19,19.34,2.99,0.4,0.48,0.16,0.03,0,0,1.55,8
Feb-05,0.38,0.41,9.53,5.31,0.51,0,2.73,0,0.08,0.22,0,0,30,8.2,0.26,2.37,0.19,7.08,19.44,2.94,0.39,0.46,0.15,0.03,0,0,1.48,7.84
Mar-05,0.35,0.37,9.69,5.45,0.46,0,2.69,0,0.08,0.24,0,0,30.29,8,0.23,2.39,0.16,6.96,19.5,2.84,0.43,0.47,0.13,0.03,0,0,1.46,7.78
Apr-05,0.34,0.37,9.89,5.53,0.42,0,2.61,0,0.08,0.23,0,0,30.41,8.1,0.23,2.26,0.13,6.87,19.66,2.84,0.41,0.44,0.11,0.02,0,0,1.38,7.68
May-05,0.35,0.37,9.66,5.63,0.4,0,2.5,0,0.09,0.23,0,0,30.55,8.21,0.23,2.23,0.12,6.76,19.67,2.88,0.41,0.47,0.09,0.02,0,0,1.46,7.67
Jun-05,0.35,0.36,9.5,5.77,0.4,0,2.44,0,0.08,0.23,0,0,30.43,8.08,0.24,2.28,0.12,6.57,20,2.95,0.41,0.54,0.1,0.01,0,0,1.55,7.58
Jul-05,0.33,0.34,9.43,6.16,0.39,0,2.5,0,0.08,0.24,0,0,30.53,8.08,0.21,2.27,0.12,6.45,19.66,2.97,0.44,0.61,0.11,0.01,0,0,1.58,7.5
Aug-05,0.32,0.3,9.25,6.19,0.4,0,2.36,0,0.09,0.24,0,0,30.29,8.24,0.21,2.13,0.11,6.57,19.8,3.15,0.44,0.66,0.12,0.02,0,0,1.62,7.47
Sep-05,0.36,0.29,9.13,6.21,0.4,0,2.33,0,0.08,0.22,0,0,30.16,8.42,0.26,2.05,0.12,6.62,19.73,3.3,0.45,0.79,0.18,0.01,0,0,1.6,7.31
Oct-05,0.37,0.3,9.06,6.13,0.44,0,2.4,0,0.08,0.24,0,0,30.1,8.43,0.27,2.15,0.14,6.52,19.57,3.42,0.48,0.93,0.16,0.01,0,0,1.67,7.12
Nov-05,0.38,0.28,8.98,6.31,0.44,0,2.45,0,0.07,0.25,0,0,29.97,8.31,0.3,2.26,0.13,6.53,19.42,3.62,0.5,1.09,0.17,0.01,0,0,1.64,6.9
Dec-05,0.38,0.27,9.09,6.43,0.47,0,2.41,0,0.08,0.26,0,0,29.78,8.27,0.32,2.31,0.11,6.48,19.16,3.83,0.52,1.21,0.16,0.01,0,0,1.63,6.81
Jan-06,0.4,0.28,8.93,6.18,0.44,0,2.35,0,0.09,0.26,0,0,30.14,8.33,0.34,2.28,0.11,6.26,19.3,3.9,0.5,1.35,0.15,0.02,0,0,1.58,6.79
Feb-06,0.4,0.31,8.86,6.26,0.5,0,2.45,0,0.08,0.29,0,0,30.27,8.14,0.37,2.37,0.13,6.02,19.12,3.89,0.55,1.56,0.14,0.02,0,0,1.64,6.63
Mar-06,0.37,0.28,8.9,6.37,0.48,0,2.35,0,0.1,0.3,0,0,30.3,8.07,0.34,2.5,0.11,5.81,19.41,3.87,0.52,1.66,0.09,0.02,0,0,1.62,6.55
Apr-06,0.35,0.25,8.83,6.59,0.44,0,2.16,0,0.1,0.29,0,0,30.64,8.08,0.34,2.44,0.1,5.72,19.52,3.77,0.52,1.77,0.09,0.03,0,0,1.52,6.45
May-06,0.34,0.24,8.59,6.71,0.45,0,2.08,0,0.11,0.28,0,0,30.64,8.08,0.36,2.31,0.1,5.59,19.77,3.74,0.53,1.94,0.07,0.03,0,0,1.52,6.53
Jun-06,0.36,0.24,8.26,6.77,0.47,0,2.01,0,0.12,0.29,0,0,30.37,8.24,0.38,2.33,0.11,5.6,19.84,3.83,0.55,1.99,0.08,0.03,0,0,1.56,6.59
Jul-06,0.36,0.23,8.28,6.94,0.48,0,1.99,0,0.09,0.3,0,0,29.83,8.3,0.42,2.41,0.13,5.64,20.1,3.74,0.58,2,0.09,0.02,0,0,1.55,6.51
Aug-06,0.36,0.21,8.19,7.02,0.42,0,1.92,0,0.11,0.27,0,0,29.77,8.41,0.4,2.36,0.12,5.62,20.29,3.77,0.53,2.14,0.08,0.02,0,0.01,1.56,6.42
Sep-06,0.35,0.21,7.97,7.06,0.42,0,1.98,0,0.09,0.28,0,0,29.86,8.49,0.45,2.19,0.13,5.61,20.32,3.87,0.55,2.23,0.09,0.02,0,0.01,1.61,6.21
Oct-06,0.35,0.25,7.95,7.12,0.43,0,2.05,0,0.08,0.31,0,0,29.45,8.62,0.46,2.25,0.14,5.59,20.06,4,0.55,2.31,0.09,0.02,0,0.01,1.73,6.19
Nov-06,0.36,0.25,8.18,7.08,0.42,0,2,0,0.09,0.33,0,0,29.4,8.69,0.44,2.29,0.14,5.45,20.17,4,0.54,2.3,0.09,0.02,0,0.01,1.77,5.98
Dec-06,0.41,0.29,8.43,7.1,0.4,0,1.95,0,0.07,0.35,0,0,29.52,8.51,0.48,2.32,0.14,5.41,19.97,4,0.58,2.38,0.09,0.02,0,0.01,1.71,5.88
Jan-07,0.39,0.28,8.31,7.2,0.39,0,1.92,0,0.07,0.35,0,0,29.52,8.54,0.43,2.3,0.11,5.45,19.91,4.17,0.58,2.51,0.08,0.02,0,0.01,1.73,5.72
Feb-07,0.41,0.28,8.33,7.17,0.42,0,1.94,0,0.09,0.4,0,0,29.3,8.41,0.43,2.47,0.13,5.32,19.71,4.44,0.64,2.54,0.1,0.03,0,0,1.69,5.75
Mar-07,0.41,0.3,8.34,7.17,0.4,0,1.82,0,0.11,0.4,0,0,29.5,8.26,0.38,2.52,0.12,5.06,19.79,4.46,0.64,2.58,0.1,0.02,0,0,1.69,5.92
Apr-07,0.4,0.27,8.16,7.05,0.4,0,1.85,0,0.15,0.37,0,0,29.57,8.13,0.37,2.61,0.13,5,19.93,4.56,0.63,2.72,0.12,0.03,0,0,1.66,5.91
May-07,0.4,0.26,8.03,7.04,0.37,0,1.83,0,0.15,0.36,0,0,29.74,8.15,0.38,2.64,0.13,4.99,19.91,4.6,0.66,2.73,0.12,0.05,0,0,1.62,5.83
Jun-07,0.33,0.22,7.82,6.97,0.33,0,1.89,0,0.17,0.32,0,0,30.05,8.29,0.31,2.46,0.12,4.9,20.29,4.59,0.6,2.83,0.11,0.06,0,0,1.66,5.69
Jul-07,0.35,0.23,7.9,6.94,0.33,0,1.85,0,0.18,0.3,0,0,30.33,8.17,0.34,2.47,0.13,4.8,20.07,4.48,0.61,2.89,0.11,0.06,0,0,1.71,5.76
Aug-07,0.37,0.24,7.9,7.02,0.34,0,1.71,0,0.18,0.31,0,0,30.61,8.33,0.37,2.33,0.12,4.76,20.21,4.35,0.6,2.9,0.08,0.07,0,0,1.72,5.49
Sep-07,0.38,0.24,7.8,7.13,0.36,0,1.78,0,0.18,0.3,0,0,30.51,8.36,0.37,2.31,0.12,4.95,20.06,4.39,0.65,2.92,0.07,0.08,0,0,1.72,5.34
Oct-07,0.38,0.23,7.75,7.19,0.35,0,1.78,0,0.17,0.31,0,0,30.69,8.36,0.39,2.22,0.11,4.91,20.01,4.41,0.72,2.87,0.06,0.09,0,0,1.72,5.28
Nov-07,0.38,0.22,7.84,7.15,0.37,0,1.79,0,0.17,0.29,0,0,30.77,8.16,0.38,2.25,0.1,4.92,19.72,4.57,0.76,2.91,0.07,0.08,0,0,1.71,5.4
Dec-07,0.42,0.23,7.92,7.08,0.4,0,1.75,0,0.18,0.32,0,0,30.85,7.96,0.41,2.34,0.11,4.82,19.68,4.69,0.81,2.85,0.07,0.09,0,0,1.71,5.31
Jan-08,0.39,0.2,7.94,7.14,0.4,0,1.66,0,0.21,0.34,0,0,30.69,7.96,0.4,2.42,0.13,4.68,19.71,4.91,0.8,2.92,0.07,0.11,0,0,1.7,5.24
Feb-08,0.36,0.21,7.92,7.23,0.39,0,1.73,0,0.21,0.35,0,0,30.65,7.88,0.41,2.5,0.13,4.55,19.55,5,0.86,2.88,0.08,0.12,0,0,1.7,5.3
Mar-08,0.36,0.22,7.96,7.22,0.4,0,1.68,0,0.23,0.36,0,0,30.47,7.97,0.43,2.55,0.14,4.37,19.47,5.1,0.86,2.91,0.08,0.13,0,0,1.71,5.38
Apr-08,0.36,0.22,8.07,7.41,0.4,0,1.64,0,0.24,0.36,0,0,30.26,8.03,0.43,2.57,0.13,4.28,19.5,5.11,0.83,2.94,0.07,0.12,0,0,1.77,5.26
May-08,0.34,0.23,7.99,7.54,0.4,0,1.66,0,0.25,0.34,0,0,30.08,8.23,0.41,2.55,0.14,4.16,19.68,5.12,0.8,2.94,0.06,0.12,0,0,1.79,5.15
Jun-08,0.33,0.27,7.76,7.82,0.4,0,1.75,0,0.27,0.35,0,0,29.6,8.29,0.45,2.59,0.15,4.07,19.74,5.13,0.78,3.01,0.08,0.15,0,0,1.81,5.21
Jul-08,0.36,0.32,7.63,7.84,0.43,0,1.81,0,0.28,0.36,0,0,29.67,8.28,0.46,2.57,0.16,4.09,19.74,5.12,0.82,2.88,0.07,0.15,0,0,1.76,5.18
Aug-08,0.35,0.3,7.62,7.83,0.42,0,1.87,0,0.28,0.31,0,0,29.41,8.15,0.46,2.57,0.18,4.08,19.91,5.2,0.8,2.93,0.09,0.16,0,0,1.79,5.29
Sep-08,0.39,0.29,7.63,7.98,0.44,0,1.89,0,0.26,0.31,0,0,29.18,8.19,0.46,2.56,0.18,4.1,19.99,5.28,0.83,2.88,0.08,0.15,0,0,1.75,5.19
Oct-08,0.42,0.28,7.63,7.94,0.45,0,1.84,0,0.27,0.32,0,0,29.01,8.1,0.45,2.67,0.19,4.14,19.79,5.58,0.87,2.83,0.08,0.16,0,0,1.64,5.34
Nov-08,0.42,0.26,7.74,7.98,0.43,0,1.81,0,0.27,0.31,0,0,29.04,7.99,0.45,2.73,0.17,4.17,19.58,5.75,0.85,2.78,0.08,0.16,0,0,1.68,5.36
Dec-08,0.43,0.24,8.02,7.86,0.41,0,1.74,0,0.25,0.3,0,0,29.14,8.1,0.42,2.77,0.16,4.2,19.24,5.92,0.91,2.7,0.08,0.13,0,0,1.68,5.3
Jan-09,0.4,0.21,8.2,7.84,0.38,0,1.75,0,0.26,0.3,0,0,28.72,8.09,0.42,2.71,0.16,4.13,19.25,6.22,0.93,2.68,0.1,0.13,0,0,1.71,5.4
Feb-09,0.41,0.21,8.4,7.78,0.39,0,1.64,0,0.29,0.32,0,0,28.62,8.23,0.42,2.8,0.14,4.15,18.93,6.28,0.97,2.66,0.1,0.13,0,0,1.69,5.42
Mar-09,0.4,0.23,8.62,7.63,0.38,0,1.64,0,0.31,0.35,0,0,28.54,8.01,0.45,2.98,0.15,4.17,18.59,6.37,0.99,2.67,0.12,0.15,0,0,1.81,5.45
Apr-09,0.38,0.22,8.73,7.61,0.36,0,1.66,0,0.3,0.34,0,0,28.45,7.98,0.47,2.86,0.14,4.14,18.84,6.3,1.01,2.62,0.12,0.15,0,0,1.87,5.43
May-09,0.39,0.23,8.83,7.43,0.42,0,1.61,0,0.3,0.35,0,0,28.03,7.98,0.5,2.85,0.16,4.07,19.16,6.34,1.07,2.63,0.12,0.18,0,0,1.93,5.42
Jun-09,0.4,0.2,8.98,7.34,0.43,0,1.54,0,0.31,0.34,0,0,27.68,8.02,0.51,2.89,0.16,4.09,19.22,6.42,1.06,2.66,0.11,0.19,0,0,2.01,5.44
Jul-09,0.43,0.2,9.24,7.16,0.45,0,1.48,0,0.29,0.32,0,0,27.76,7.95,0.5,3.04,0.16,4.1,19.07,6.46,1.04,2.62,0.09,0.18,0,0,2.13,5.34
Aug-09,0.46,0.19,9.38,7.02,0.46,0,1.52,0,0.27,0.31,0,0,27.69,7.96,0.5,2.94,0.16,4.04,19.09,6.58,1.03,2.61,0.09,0.19,0,0,2.18,5.34
Sep-09,0.46,0.17,9.59,6.91,0.45,0,1.45,0,0.26,0.28,0,0,27.8,8.01,0.47,2.83,0.15,3.99,19.28,6.57,1.02,2.57,0.07,0.21,0,0,2.14,5.32
Oct-09,0.48,0.18,9.77,6.68,0.46,0,1.41,0,0.25,0.27,0,0,27.92,8,0.46,2.96,0.15,3.93,18.94,6.72,1.04,2.63,0.07,0.21,0,0,2.18,5.29
Nov-09,0.49,0.18,9.93,6.63,0.44,0,1.4,0,0.28,0.28,0,0,28.2,7.97,0.45,3,0.15,3.91,18.55,6.75,1.03,2.58,0.07,0.2,0,0,2.2,5.31
Dec-09,0.49,0.18,10.15,6.51,0.45,0,1.39,0,0.29,0.29,0,0,28.49,7.71,0.46,3.08,0.17,3.8,18.35,6.71,1.05,2.53,0.08,0.21,0,0,2.26,5.34
Jan-10,0.49,0.18,10.42,6.37,0.48,0,1.36,0.01,0.32,0.32,0,0,28.56,7.7,0.49,3.03,0.22,3.69,18.29,6.54,1.12,2.53,0.09,0.23,0,0,2.21,5.35
Feb-10,0.49,0.17,10.79,6.32,0.47,0,1.31,0.02,0.31,0.32,0,0,28.67,7.43,0.49,3.2,0.24,3.64,18.31,6.44,1.1,2.42,0.09,0.22,0,0,2.22,5.33
Mar-10,0.51,0.17,10.99,6.18,0.49,0,1.28,0.02,0.32,0.32,0,0,28.89,7.33,0.49,3.29,0.24,3.51,18.06,6.4,1.18,2.35,0.1,0.21,0,0,2.3,5.38
Apr-10,0.54,0.18,11.26,6.19,0.5,0,1.26,0.03,0.35,0.32,0,0,28.86,7.3,0.49,3.31,0.27,3.37,18.15,6.28,1.14,2.2,0.1,0.21,0,0,2.31,5.38
May-10,0.58,0.18,11.48,6.17,0.52,0,1.26,0.03,0.36,0.32,0,0,28.69,7.29,0.51,3.33,0.28,3.26,18.14,6.2,1.22,2.19,0.11,0.22,0,0,2.36,5.32
Jun-10,0.6,0.18,11.62,6.23,0.52,0,1.29,0.04,0.37,0.31,0,0,28.62,7.3,0.5,3.28,0.28,3.24,18.1,6.21,1.19,2.16,0.09,0.21,0,0,2.35,5.32
Jul-10,0.61,0.18,11.52,6.28,0.53,0,1.27,0.03,0.36,0.27,0,0,28.77,7.28,0.47,3.39,0.33,3.22,18.08,6.12,1.15,2.12,0.1,0.21,0,0,2.4,5.32
Aug-10,0.61,0.18,11.61,6.31,0.54,0,1.23,0.03,0.34,0.25,0,0,29.03,7.28,0.46,3.3,0.37,3.18,17.76,6.11,1.2,2.18,0.08,0.21,0,0,2.52,5.22
Sep-10,0.62,0.19,11.72,6.31,0.53,0,1.25,0.03,0.34,0.26,0,0,29.09,7.22,0.47,3.22,0.47,3.13,17.64,6.2,1.15,2.28,0.09,0.21,0,0,2.51,5.09
Oct-10,0.59,0.2,11.79,6.33,0.53,0,1.2,0.03,0.34,0.26,0,0,29.04,7.17,0.48,3.23,0.59,3.05,17.45,6.24,1.2,2.4,0.09,0.22,0,0,2.55,5.03
Nov-10,0.57,0.2,11.93,6.33,0.53,0,1.18,0.03,0.32,0.28,0,0,29.32,7.07,0.46,3.27,0.7,2.97,17.25,6.23,1.19,2.42,0.08,0.22,0,0,2.46,5
Dec-10,0.56,0.2,12.03,6.28,0.51,0,1.18,0.02,0.3,0.29,0,0,29.24,7.04,0.46,3.28,0.93,2.86,17.08,6.28,1.27,2.53,0.08,0.23,0,0,2.37,4.96
Jan-11,0.54,0.19,12.35,6.26,0.48,0,1.16,0.02,0.28,0.29,0,0,29.33,6.92,0.45,3.16,1.03,2.74,16.92,6.53,1.29,2.57,0.07,0.25,0,0,2.28,4.88
Feb-11,0.53,0.21,12.45,6.23,0.46,0.01,1.13,0.03,0.28,0.29,0,0,29.22,6.95,0.45,3.23,1.23,2.65,16.84,6.75,1.28,2.54,0.07,0.25,0,0,2.1,4.81
Mar-11,0.51,0.2,12.56,6.29,0.45,0.03,1.1,0.02,0.27,0.27,0,0,28.86,7.04,0.45,3.29,1.4,2.58,16.8,6.8,1.29,2.56,0.06,0.23,0,0,2.08,4.87
Apr-11,0.53,0.19,12.54,6.25,0.45,0.04,1.09,0.02,0.28,0.27,0,0,28.89,7.05,0.44,3.21,1.56,2.6,16.79,6.77,1.31,2.52,0.06,0.24,0,0,2.03,4.85
May-11,0.57,0.21,12.39,6.23,0.47,0.05,1.12,0.02,0.31,0.25,0,0,28.81,7,0.47,3.14,1.76,2.53,16.75,6.86,1.36,2.57,0.07,0.26,0,0,1.98,4.83
Jun-11,0.57,0.21,12.32,6.23,0.47,0.07,1.09,0.02,0.31,0.24,0,0,28.75,6.99,0.48,3.09,1.83,2.55,16.79,6.89,1.35,2.66,0.06,0.27,0,0,1.99,4.76
Jul-11,0.62,0.22,12.27,6.24,0.48,0.08,1.11,0.03,0.33,0.24,0,0,28.31,7.08,0.5,3.15,2.07,2.55,16.7,6.83,1.37,2.71,0.06,0.26,0,0,2.04,4.77
Aug-11,0.63,0.21,12.25,6.17,0.49,0.08,1.1,0.03,0.35,0.24,0,0,28.21,7.15,0.52,3.07,2.17,2.56,16.54,6.79,1.41,2.77,0.06,0.3,0,0,2.13,4.77
Sep-11,0.66,0.23,12.44,6.08,0.49,0.08,1.08,0.03,0.37,0.24,0,0,28.22,7.16,0.52,2.97,2.31,2.58,16.38,6.95,1.42,2.67,0.06,0.31,0,0,2.11,4.62
Oct-11,0.66,0.24,12.98,5.94,0.46,0.09,1.03,0.03,0.36,0.23,0,0,28.15,7.17,0.51,2.94,2.39,2.51,16.04,7.2,1.46,2.69,0.05,0.33,0,0,2.09,4.46
Nov-11,0.64,0.26,12.84,5.99,0.44,0.11,1,0.03,0.35,0.26,0,0,27.85,7.19,0.5,2.97,2.77,2.52,15.88,7.33,1.46,2.69,0.05,0.35,0,0,2.19,4.33
Dec-11,0.63,0.26,12.58,6.06,0.42,0.12,0.92,0.03,0.35,0.28,0,0,27.76,7.29,0.49,3.03,3.13,2.43,15.65,7.6,1.51,2.58,0.06,0.35,0,0,2.26,4.2
Jan-12,0.62,0.26,12.15,6.34,0.4,0.12,0.88,0.04,0.35,0.29,0,0,27.87,7.32,0.5,3.09,3.48,2.38,15.44,7.74,1.5,2.51,0.06,0.35,0,0,2.24,4.09
Feb-12,0.62,0.25,11.64,6.76,0.41,0.12,0.89,0.03,0.34,0.29,0.01,0,27.62,7.27,0.52,3.14,3.85,2.33,15.46,7.82,1.52,2.48,0.07,0.34,0,0,2.25,3.97
Mar-12,0.63,0.23,10.82,7.23,0.4,0.13,0.91,0.04,0.34,0.29,0.03,0,27.68,7.23,0.55,3.21,4.03,2.25,15.29,7.91,1.55,2.55,0.07,0.35,0,0,2.3,3.98
Apr-12,0.63,0.23,9.75,7.85,0.41,0.14,0.92,0.03,0.35,0.31,0.05,0,27.68,7.16,0.58,3.28,4.34,2.21,15.22,7.98,1.55,2.58,0.07,0.35,0,0,2.36,3.97
May-12,0.65,0.21,9.36,8.14,0.4,0.13,0.89,0.04,0.37,0.31,0.08,0,27.77,7.12,0.62,3.25,4.29,2.22,15.19,8.09,1.57,2.61,0.07,0.35,0,0,2.33,3.94
Jun-12,0.64,0.21,9.12,8.47,0.38,0.13,0.91,0.05,0.38,0.28,0.1,0,27.58,7.02,0.63,3.24,4.45,2.2,15.23,8.07,1.56,2.67,0.07,0.36,0,0,2.3,3.94
Jul-12,0.7,0.23,8.86,8.7,0.41,0.13,0.93,0.06,0.41,0.3,0.13,0,27.41,6.93,0.65,3.17,4.38,2.21,15.15,8.1,1.7,2.75,0.08,0.4,0,0,2.34,3.88
Aug-12,0.73,0.25,8.69,8.98,0.38,0.13,0.93,0.07,0.43,0.3,0.14,0,27.27,7,0.66,3.15,4.4,2.17,14.9,8.21,1.76,2.77,0.07,0.41,0,0,2.32,3.88
Sep-12,0.7,0.25,8.69,9.19,0.38,0.12,0.89,0.07,0.45,0.31,0.15,0.01,27.15,6.98,0.7,3.1,4.51,2.18,14.8,8.23,1.79,2.79,0.08,0.42,0,0,2.26,3.77
Oct-12,0.7,0.25,8.72,9.26,0.36,0.12,0.88,0.08,0.44,0.3,0.14,0.01,26.97,7.01,0.7,3.09,4.71,2.18,14.88,8.23,1.83,2.77,0.08,0.42,0,0,2.13,3.73
Nov-12,0.69,0.24,8.81,9.41,0.33,0.11,0.83,0.08,0.41,0.28,0.14,0.01,26.8,7.07,0.68,3.07,4.89,2.1,14.71,8.33,1.86,2.82,0.09,0.42,0,0.02,2.11,3.69
Dec-12,0.7,0.25,8.68,9.57,0.33,0.11,0.84,0.09,0.41,0.29,0.15,0.01,26.84,7.1,0.69,3.09,4.87,2.13,14.5,8.44,1.9,2.78,0.1,0.42,0,0.03,2.09,3.6
Jan-13,0.65,0.25,8.79,9.59,0.31,0.12,0.81,0.08,0.38,0.29,0.14,0.01,26.85,7.05,0.7,3.08,5.04,2.07,14.45,8.67,1.88,2.78,0.09,0.41,0,0.04,1.95,3.53
Feb-13,0.6,0.24,8.72,9.59,0.3,0.12,0.77,0.08,0.37,0.29,0.14,0.01,27.01,6.93,0.7,3.12,5.12,2.03,14.45,8.9,1.91,2.79,0.09,0.41,0,0.05,1.84,3.42
Mar-13,0.62,0.24,8.55,9.56,0.3,0.13,0.8,0.08,0.39,0.28,0.14,0.01,26.85,6.92,0.7,3.18,5.35,1.96,14.42,9.02,1.93,2.76,0.09,0.44,0,0.08,1.85,3.35
Apr-13,0.63,0.24,8.44,9.59,0.31,0.13,0.78,0.09,0.39,0.27,0.14,0.01,26.79,7.03,0.7,3.22,5.36,1.92,14.26,9.22,1.98,2.75,0.09,0.45,0,0.09,1.84,3.29
May-13,0.61,0.24,8.25,9.81,0.33,0.13,0.78,0.09,0.4,0.28,0.13,0,26.63,7.11,0.71,3.19,5.37,1.9,14.37,9.43,1.97,2.68,0.08,0.46,0,0.08,1.75,3.2
Jun-13,0.58,0.23,8.18,9.88,0.33,0.13,0.74,0.1,0.39,0.28,0.12,0,26.56,7.29,0.7,3.14,5.43,1.82,14.41,9.61,1.98,2.7,0.07,0.46,0,0.08,1.63,3.14
Jul-13,0.59,0.22,7.95,10,0.33,0.13,0.73,0.1,0.39,0.29,0.12,0,26.54,7.4,0.69,3.15,5.48,1.83,14.31,9.71,1.97,2.69,0.08,0.46,0,0.09,1.65,3.09
Aug-13,0.62,0.23,7.93,9.99,0.34,0.12,0.74,0.11,0.4,0.3,0.13,0,26.41,7.64,0.67,3.09,5.56,1.85,14.11,9.68,1.98,2.72,0.08,0.5,0,0.1,1.63,3.06
Sep-13,0.61,0.24,7.96,9.95,0.34,0.12,0.69,0.11,0.37,0.3,0.14,0.01,26.48,7.71,0.65,3.03,5.55,1.82,14.01,9.87,2.01,2.72,0.08,0.51,0,0.09,1.59,3.04
Oct-13,0.6,0.24,7.93,9.98,0.33,0.11,0.66,0.11,0.37,0.29,0.14,0,26.35,7.6,0.64,2.94,5.98,1.79,13.91,9.91,2.03,2.78,0.09,0.54,0,0.1,1.58,2.98
Nov-13,0.58,0.26,8.06,9.81,0.33,0.11,0.65,0.12,0.38,0.3,0.14,0,26.56,7.6,0.61,3,6.12,1.78,13.61,9.9,2.08,2.73,0.08,0.55,0,0.09,1.56,3
Dec-13,0.62,0.28,8.13,9.81,0.32,0.12,0.66,0.12,0.41,0.31,0.15,0,26.53,7.46,0.6,3.02,6.21,1.76,13.39,9.84,2.12,2.68,0.08,0.62,0,0.1,1.64,3
Jan-14,0.61,0.28,8.17,9.76,0.33,0.14,0.66,0.12,0.42,0.31,0.16,0,26.33,7.45,0.59,3.01,6.38,1.69,13.22,9.98,2.16,2.68,0.12,0.65,0,0.11,1.65,3.03
Feb-14,0.61,0.31,8.18,9.66,0.34,0.16,0.68,0.14,0.45,0.34,0.17,0,26.25,7.36,0.63,3.03,6.5,1.5,13.1,10.03,2.2,2.61,0.21,0.68,0.07,0.12,1.7,2.97
Mar-14,0.6,0.32,8.17,9.7,0.34,0.18,0.69,0.14,0.46,0.35,0.18,0,26.03,7.43,0.62,3.07,6.68,1.35,13.02,9.99,2.22,2.6,0.26,0.68,0.13,0.11,1.7,2.98
Apr-14,0.63,0.33,8.11,9.69,0.35,0.2,0.71,0.15,0.47,0.37,0.19,0,26.21,7.51,0.62,3.09,6.37,1.21,13,10.06,2.24,2.59,0.28,0.66,0.19,0.11,1.73,2.96
May-14,0.65,0.33,8.02,9.75,0.35,0.21,0.74,0.16,0.48,0.37,0.2,0,26.04,7.54,0.67,3.01,6.39,1.04,13.03,10.15,2.24,2.64,0.31,0.7,0.26,0.12,1.73,2.88
Jun-14,0.63,0.32,7.94,9.75,0.37,0.2,0.7,0.16,0.48,0.36,0.19,0,26.11,7.61,0.67,3.01,6.43,0.9,13.04,10.27,2.32,2.62,0.33,0.66,0.32,0.12,1.69,2.8
Jul-14,0.64,0.33,7.89,9.73,0.34,0.19,0.68,0.18,0.48,0.34,0.19,0,26.18,7.67,0.64,3.01,6.34,0.89,12.95,10.17,2.32,2.66,0.31,0.66,0.71,0.12,1.69,2.71
Aug-14,0.62,0.28,7.87,9.67,0.33,0.17,0.63,0.17,0.46,0.31,0.18,0,26.41,7.65,0.59,2.93,6.24,1,12.98,10.29,2.3,2.66,0.24,0.65,0.99,0.11,1.66,2.62
Sep-14,0.63,0.28,7.91,9.65,0.32,0.15,0.62,0.18,0.47,0.3,0.17,0,26.33,7.64,0.59,2.91,6.15,1.16,12.86,10.27,2.37,2.65,0.21,0.68,1.24,0.11,1.62,2.54
Oct-14,0.58,0.28,8.01,9.62,0.32,0.14,0.62,0.19,0.45,0.29,0.17,0,26.07,7.63,0.56,2.96,6.25,1.23,12.59,10.4,2.41,2.62,0.2,0.71,1.57,0.1,1.56,2.48
Nov-14,0.57,0.28,8.02,9.49,0.3,0.15,0.58,0.19,0.43,0.29,0.17,0,25.94,7.57,0.5,3.05,6.34,1.28,12.3,10.47,2.53,2.58,0.18,0.7,1.96,0.1,1.58,2.45
Dec-14,0.58,0.31,8.04,9.29,0.31,0.14,0.6,0.2,0.45,0.31,0.18,0,25.81,7.48,0.51,3.07,6.28,1.41,12.05,10.54,2.52,2.58,0.18,0.73,2.34,0.1,1.55,2.46
Jan-15,0.59,0.32,8.08,9.22,0.33,0.14,0.61,0.2,0.45,0.33,0.19,0,25.76,7.43,0.54,3.03,6.23,1.36,12,10.71,2.59,2.56,0.18,0.73,2.42,0.1,1.51,2.42
Feb-15,0.57,0.35,8.04,9.33,0.33,0.13,0.6,0.21,0.45,0.33,0.18,0,25.54,7.41,0.54,3.12,6.19,1.31,11.86,10.86,2.65,2.53,0.2,0.71,2.49,0.11,1.47,2.49
Mar-15,0.57,0.36,7.98,9.33,0.33,0.14,0.57,0.22,0.46,0.36,0.18,0,25.6,7.33,0.53,3.14,5.96,1.27,11.82,11.14,2.68,2.53,0.19,0.72,2.59,0.11,1.47,2.41
Apr-15,0.59,0.38,7.93,9.29,0.34,0.14,0.57,0.23,0.48,0.38,0.19,0,25.6,7.36,0.53,3.07,5.7,1.31,11.87,11.25,2.73,2.52,0.2,0.74,2.62,0.13,1.5,2.34
May-15,0.6,0.38,7.76,9.41,0.35,0.12,0.56,0.23,0.5,0.39,0.18,0,25.6,7.42,0.53,3.07,5.52,1.33,11.96,11.27,2.72,2.57,0.21,0.75,2.63,0.15,1.49,2.29
Jun-15,0.59,0.36,7.75,9.56,0.32,0.12,0.55,0.24,0.51,0.38,0.18,0,25.63,7.39,0.52,2.98,5.46,1.33,11.96,11.33,2.8,2.54,0.22,0.78,2.59,0.17,1.56,2.18
Jul-15,0.56,0.35,7.67,9.58,0.31,0.12,0.53,0.24,0.49,0.37,0.16,0,25.58,7.46,0.51,2.97,5.39,1.33,11.91,11.41,2.84,2.57,0.22,0.83,2.69,0.19,1.59,2.14
Aug-15,0.58,0.34,7.72,9.5,0.31,0.12,0.52,0.24,0.48,0.37,0.16,0,25.56,7.43,0.5,2.88,5.4,1.35,11.94,11.45,2.91,2.61,0.2,0.86,2.73,0.2,1.61,2.02
Sep-15,0.6,0.34,7.76,9.41,0.33,0.12,0.51,0.25,0.47,0.35,0.16,0,25.62,7.43,0.5,2.78,5.5,1.34,11.78,11.54,2.9,2.61,0.21,0.88,2.79,0.22,1.62,1.98
Oct-15,0.6,0.32,7.77,9.33,0.32,0.11,0.48,0.24,0.46,0.33,0.15,0,25.67,7.37,0.51,2.81,5.56,1.29,11.66,11.63,2.92,2.64,0.22,0.91,2.84,0.24,1.63,1.96
Nov-15,0.58,0.32,7.86,9.29,0.33,0.12,0.48,0.26,0.45,0.31,0.16,0,25.73,7.32,0.52,2.73,5.56,1.28,11.48,11.84,2.92,2.58,0.22,0.93,2.9,0.24,1.63,1.98
Dec-15,0.55,0.31,7.85,9.21,0.32,0.12,0.44,0.26,0.43,0.31,0.16,0,25.6,7.47,0.5,2.8,5.49,1.24,11.43,12.05,2.94,2.61,0.2,0.93,3,0.24,1.57,1.96
Jan-16,0.56,0.32,7.97,9.1,0.33,0.13,0.45,0.3,0.43,0.33,0.18,0,25.55,7.52,0.52,2.81,5.46,1.25,11.29,12.12,2.95,2.51,0.22,0.95,2.96,0.3,1.56,1.94
Feb-16,0.53,0.33,7.93,8.97,0.32,0.13,0.46,0.31,0.43,0.33,0.19,0.01,25.29,7.57,0.53,2.88,5.44,1.21,11.16,12.32,2.97,2.48,0.25,1.04,3.11,0.35,1.55,1.93
Mar-16,0.48,0.31,7.89,8.95,0.27,0.12,0.44,0.3,0.41,0.32,0.19,0.02,24.98,7.66,0.52,2.97,5.46,1.15,11.18,12.52,3.06,2.44,0.25,1.04,3.22,0.37,1.53,1.94
Apr-16,0.45,0.32,7.73,8.92,0.27,0.12,0.43,0.32,0.4,0.33,0.2,0.03,24.68,7.78,0.53,3.02,5.41,1.15,11.21,12.66,3.18,2.41,0.25,1.05,3.29,0.43,1.52,1.93
May-16,0.42,0.31,7.72,8.96,0.25,0.11,0.39,0.31,0.38,0.31,0.19,0.04,24.61,7.83,0.5,2.99,5.44,1.07,11.18,12.86,3.24,2.38,0.25,1.03,3.44,0.48,1.47,1.82
Jun-16,0.44,0.35,7.66,8.91,0.27,0.11,0.42,0.35,0.38,0.31,0.2,0.05,24.32,7.78,0.54,2.93,5.51,1.02,11.07,13.08,3.32,2.32,0.27,1.05,3.54,0.56,1.45,1.77
Jul-16,0.44,0.34,7.53,8.95,0.26,0.1,0.39,0.34,0.37,0.31,0.17,0.07,24.27,7.73,0.51,2.89,5.58,0.94,11,13.49,3.41,2.32,0.27,1.03,3.58,0.58,1.41,1.7
Aug-16,0.45,0.36,7.49,8.99,0.28,0.1,0.39,0.37,0.38,0.29,0.19,0.08,24.3,7.8,0.51,2.78,5.53,0.9,10.89,13.75,3.4,2.3,0.26,0.97,3.59,0.6,1.4,1.65
Sep-16,0.46,0.42,7.46,8.96,0.29,0.11,0.39,0.4,0.39,0.3,0.19,0.09,24.31,7.73,0.53,2.74,5.41,0.9,10.82,13.89,3.43,2.3,0.28,0.97,3.53,0.66,1.42,1.61
Oct-16,0.45,0.44,7.61,8.93,0.29,0.11,0.38,0.41,0.39,0.29,0.19,0.1,24.18,7.69,0.5,2.67,5.55,0.86,10.62,14.08,3.45,2.27,0.28,0.99,3.53,0.73,1.43,1.6
Nov-16,0.48,0.47,7.57,8.76,0.31,0.12,0.42,0.44,0.42,0.31,0.2,0.11,23.86,7.78,0.54,2.71,5.41,0.85,10.46,14.35,3.51,2.24,0.32,1.06,3.44,0.81,1.45,1.6
Dec-16,0.48,0.48,7.64,8.67,0.31,0.13,0.38,0.46,0.42,0.32,0.2,0.12,23.85,7.88,0.51,2.72,5.25,0.85,10.31,14.59,3.56,2.2,0.33,1.09,3.36,0.87,1.44,1.61
Jan-17,0.46,0.49,7.73,8.57,0.3,0.13,0.38,0.47,0.42,0.31,0.22,0.12,23.5,7.97,0.5,2.7,5.08,0.85,10.24,15,3.55,2.18,0.33,1.13,3.47,0.92,1.4,1.59
Feb-17,0.46,0.48,7.71,8.52,0.29,0.13,0.38,0.5,0.43,0.32,0.22,0.12,23.2,7.95,0.51,2.8,4.97,0.85,10.07,15.36,3.64,2.14,0.34,1.16,3.45,1,1.42,1.59
Mar-17,0.47,0.43,7.55,8.49,0.29,0.12,0.37,0.51,0.43,0.33,0.22,0.12,23.06,8.07,0.5,2.73,4.82,0.84,9.87,15.96,3.72,2.09,0.35,1.19,3.51,1.06,1.38,1.55
Apr-17,0.46,0.41,7.37,8.44,0.28,0.13,0.36,0.54,0.43,0.33,0.21,0.12,22.95,8.17,0.5,2.69,4.57,0.83,9.82,16.51,3.83,2.03,0.35,1.23,3.49,1.08,1.35,1.52
May-17,0.46,0.42,7.32,8.38,0.3,0.12,0.34,0.58,0.43,0.33,0.21,0.12,22.79,8.19,0.49,2.64,4.43,0.83,9.76,16.95,3.93,2.03,0.34,1.23,3.46,1.12,1.35,1.46
Jun-17,0.44,0.41,7.12,8.28,0.3,0.12,0.32,0.59,0.42,0.32,0.21,0.27,22.61,8.17,0.48,2.53,4.36,0.81,9.6,17.56,3.96,2.04,0.35,1.26,3.51,1.16,1.38,1.42
Jul-17,0.45,0.42,6.96,8.17,0.34,0.13,0.33,0.64,0.44,0.32,0.24,0.41,22.46,8.14,0.5,2.54,4.33,0.83,9.29,17.73,4.09,2.02,0.36,1.32,3.47,1.22,1.45,1.42
Aug-17,0.47,0.43,6.85,8.01,0.35,0.12,0.32,0.65,0.44,0.33,0.24,0.51,22.48,8.21,0.47,2.42,4.24,0.81,9.15,18.14,4.15,1.99,0.37,1.34,3.45,1.26,1.44,1.36
Sep-17,0.49,0.45,6.82,7.94,0.38,0.13,0.33,0.66,0.45,0.33,0.25,0.59,22.28,8.22,0.45,2.36,4.19,0.8,9,18.47,4.19,1.96,0.38,1.35,3.43,1.3,1.47,1.32
Oct-17,0.5,0.47,6.7,7.9,0.43,0.13,0.34,0.67,0.47,0.36,0.26,0.69,22.22,8.14,0.44,2.35,4.1,0.8,8.77,18.9,4.11,1.94,0.39,1.34,3.45,1.36,1.49,1.28
Nov-17,0.53,0.44,6.58,7.85,0.4,0.13,0.36,0.68,0.48,0.36,0.26,0.84,22.22,8.16,0.42,2.28,4.07,0.81,8.56,19.29,4.1,1.9,0.41,1.32,3.42,1.37,1.49,1.29
Dec-17,0.54,0.41,6.62,7.8,0.39,0.12,0.35,0.69,0.48,0.35,0.26,0.82,22.19,8.21,0.41,2.28,4.02,0.81,8.46,19.67,4.16,1.82,0.39,1.27,3.32,1.39,1.48,1.27
Jan-18,0.52,0.37,6.5,7.81,0.37,0.1,0.34,0.7,0.49,0.36,0.22,0.8,22.24,8.3,0.4,2.25,3.87,0.79,8.5,20.29,4.17,1.78,0.38,1.22,3.15,1.4,1.43,1.24
Feb-18,0.52,0.36,6.41,7.89,0.36,0.11,0.32,0.72,0.49,0.35,0.21,0.82,22.01,8.33,0.4,2.3,3.79,0.81,8.4,20.81,4.15,1.74,0.37,1.19,3.05,1.42,1.42,1.25
Mar-18,0.51,0.34,6.29,7.84,0.33,0.11,0.3,0.75,0.5,0.34,0.19,0.88,22.02,8.35,0.4,2.33,3.72,0.79,8.24,21.29,4.16,1.73,0.36,1.17,2.96,1.45,1.39,1.26
Apr-18,0.52,0.31,6.23,7.81,0.31,0.13,0.27,0.78,0.49,0.31,0.18,0.92,22.05,8.42,0.4,2.28,3.6,0.77,8.17,21.75,4.19,1.69,0.36,1.15,2.86,1.45,1.36,1.24
May-18,0.51,0.32,6.21,7.76,0.3,0.14,0.24,0.8,0.48,0.3,0.17,0.9,21.91,8.38,0.39,2.25,3.48,0.77,8.12,22.45,4.16,1.65,0.34,1.17,2.78,1.45,1.36,1.22
Jun-18,0.51,0.36,6.01,7.75,0.34,0.17,0.26,0.84,0.48,0.32,0.18,0.91,21.83,8.35,0.41,2.24,3.37,0.75,8.03,22.89,4.07,1.65,0.36,1.17,2.73,1.46,1.37,1.21
Jul-18,0.53,0.35,5.98,7.77,0.33,0.18,0.24,0.86,0.48,0.3,0.18,0.93,21.71,8.3,0.38,2.18,3.32,0.74,7.82,23.38,4.05,1.62,0.35,1.2,2.76,1.48,1.4,1.2
Aug-18,0.54,0.33,6.01,7.74,0.31,0.19,0.23,0.87,0.49,0.29,0.17,0.98,21.74,8.31,0.36,2.1,3.27,0.73,7.66,23.75,4.03,1.57,0.35,1.2,2.7,1.49,1.42,1.17
Sep-18,0.54,0.33,6.05,7.69,0.33,0.2,0.23,0.91,0.48,0.28,0.22,0.98,21.65,8.2,0.36,2.03,3.23,0.71,7.51,24.19,4,1.58,0.35,1.21,2.67,1.49,1.43,1.13
Oct-18,0.54,0.33,6.1,7.62,0.32,0.2,0.25,0.94,0.49,0.29,0.22,1.01,21.49,8.17,0.37,2.01,3.21,0.71,7.4,24.51,3.96,1.59,0.35,1.22,2.61,1.49,1.45,1.14
Nov-18,0.53,0.34,6.12,7.57,0.32,0.2,0.24,0.95,0.5,0.28,0.23,1.07,21.35,8.14,0.38,1.99,3.15,0.67,7.23,24.94,3.94,1.57,0.36,1.22,2.59,1.53,1.45,1.14
Dec-18,0.55,0.33,6.19,7.54,0.29,0.2,0.24,0.97,0.52,0.28,0.25,1.09,21.13,8.15,0.39,1.97,3.14,0.67,7.17,25.19,3.95,1.53,0.38,1.19,2.59,1.55,1.42,1.13
Jan-19,0.56,0.34,6.18,7.47,0.31,0.24,0.27,1.02,0.51,0.3,0.27,1.12,20.98,8.09,0.4,1.99,3.08,0.66,7.22,25.41,3.96,1.5,0.43,1.16,2.51,1.54,1.39,1.11
Feb-19,0.56,0.34,6.12,7.37,0.31,0.25,0.26,1.07,0.5,0.29,0.27,1.13,20.82,8.09,0.39,1.98,3.02,0.63,7.2,25.8,3.96,1.48,0.44,1.16,2.47,1.57,1.38,1.13
Mar-19,0.56,0.35,6.05,7.32,0.31,0.25,0.27,1.08,0.5,0.29,0.25,1.15,20.56,8.17,0.41,2.03,2.91,0.64,7.19,26.17,3.97,1.42,0.47,1.14,2.43,1.6,1.35,1.15
Apr-19,0.56,0.35,6,7.31,0.31,0.26,0.25,1.06,0.48,0.27,0.25,1.18,20.35,8.26,0.4,1.99,2.83,0.63,7.15,26.7,3.95,1.37,0.5,1.12,2.4,1.62,1.31,1.12
May-19,0.55,0.35,5.94,7.3,0.31,0.29,0.27,1.12,0.49,0.31,0.25,1.21,20.15,8.25,0.38,2,2.81,0.63,7.08,26.84,4.02,1.37,0.56,1.12,2.38,1.63,1.3,1.09
Jun-19,0.56,0.36,5.86,7.27,0.32,0.33,0.26,1.13,0.49,0.3,0.25,1.32,20.05,8.22,0.36,1.94,2.76,0.61,6.93,27.26,3.99,1.37,0.55,1.13,2.34,1.68,1.3,1.07
Jul-19,0.54,0.36,5.82,7.27,0.31,0.32,0.26,1.15,0.48,0.29,0.25,1.39,19.8,8.24,0.38,1.89,2.73,0.59,6.7,27.8,3.87,1.37,0.56,1.11,2.4,1.75,1.29,1.07
Aug-19,0.52,0.38,5.75,7.29,0.32,0.34,0.26,1.17,0.5,0.29,0.26,1.44,19.58,8.15,0.38,1.84,2.62,0.58,6.49,28.34,3.83,1.4,0.63,1.1,2.4,1.77,1.32,1.04
Sep-19,0.51,0.37,5.76,7.28,0.31,0.36,0.26,1.17,0.51,0.29,0.28,1.54,19.45,8.08,0.36,1.78,2.63,0.55,6.34,28.69,3.78,1.42,0.66,1.09,2.42,1.79,1.32,1.01
Oct-19,0.5,0.36,5.86,7.28,0.32,0.37,0.25,1.21,0.49,0.29,0.27,1.59,19.3,8.06,0.36,1.8,2.63,0.54,6.18,28.89,3.78,1.42,0.64,1.08,2.43,1.81,1.31,0.98
Nov-19,0.5,0.36,5.87,7.31,0.32,0.37,0.24,1.2,0.46,0.28,0.27,1.64,19.3,8.12,0.34,1.76,2.58,0.55,6.06,29.23,3.68,1.4,0.61,1.03,2.42,1.83,1.31,0.96
Dec-19,0.49,0.33,5.91,7.32,0.31,0.37,0.23,1.24,0.44,0.28,0.27,1.61,19.11,8.11,0.32,1.78,2.54,0.52,6.06,29.49,3.67,1.37,0.63,1.05,2.41,1.83,1.35,0.95
Jan-20,0.49,0.33,5.91,7.28,0.31,0.41,0.22,1.24,0.43,0.28,0.26,1.62,19.02,8.19,0.31,1.79,2.46,0.53,6.09,29.69,3.71,1.32,0.66,1.01,2.35,1.79,1.35,0.91
Feb-20,0.48,0.3,5.93,7.26,0.31,0.43,0.23,1.26,0.4,0.29,0.29,1.58,18.92,8.25,0.32,1.79,2.43,0.5,6.11,29.96,3.71,1.29,0.63,0.99,2.31,1.83,1.31,0.9
Mar-20,0.49,0.32,5.92,7.23,0.29,0.43,0.24,1.29,0.4,0.28,0.28,1.53,18.87,8.26,0.33,1.79,2.35,0.52,6.09,30.25,3.73,1.25,0.58,0.98,2.26,1.83,1.29,0.9
Apr-20,0.5,0.35,5.81,7.15,0.28,0.46,0.27,1.29,0.41,0.28,0.29,1.53,18.61,8.16,0.37,1.75,2.33,0.51,6.04,30.6,3.78,1.27,0.64,0.99,2.24,1.85,1.34,0.91
May-20,0.49,0.38,5.7,7.02,0.39,0.51,0.31,1.32,0.44,0.27,0.33,1.49,18.09,8.12,0.41,1.7,2.39,0.47,5.93,31.05,3.95,1.25,0.67,0.99,2.25,1.9,1.3,0.88
Jun-20,0.46,0.43,5.69,6.86,0.39,0.51,0.31,1.35,0.43,0.26,0.41,1.49,17.71,8.18,0.46,1.67,2.44,0.49,5.81,31.42,3.98,1.25,0.76,0.96,2.27,1.89,1.24,0.86
Jul-20,0.43,0.47,5.77,6.69,0.38,0.49,0.32,1.38,0.45,0.25,0.44,1.5,17.26,8.18,0.49,1.64,2.53,0.49,5.75,31.83,4,1.25,0.84,0.95,2.27,1.93,1.21,0.84
Aug-20,0.42,0.51,5.8,6.6,0.39,0.51,0.32,1.41,0.46,0.27,0.42,1.56,16.88,8.26,0.53,1.62,2.69,0.52,5.77,31.69,4.08,1.23,0.91,0.94,2.31,1.9,1.17,0.81
Sep-20,0.41,0.52,5.8,6.5,0.43,0.57,0.31,1.44,0.46,0.29,0.46,1.61,16.4,8.38,0.58,1.65,2.79,0.51,5.85,31.56,4.08,1.22,1.01,0.93,2.35,1.92,1.16,0.79
